tune	length
sweepingup.csv	7
redclay.csv	11
bessiesblues.csv	12
bluesfivespot.csv	12
bluesinthecloset.csv	12
bluesphere.csv	12
cjamblues.csv	12
cousinmary.csv	12
eightyone.csv	12
equinox.csv	12
jodygrind.csv	12
jumpinwithsymphonysid.csv	12
kicker.csv	12
misterioso.csv	12
mrpc.csv	12
parkersmood.csv	12
someotherblues.csv	12
stlouisblues.csv	12
straightnochaser.csv	12
tenormadness.csv	12
ba-luebolivarba-lues-are.csv	13
bluesforwood.csv	13
chasinthetrane.csv	13
fineandmellow.csv	13
bloomdido.csv	14
interplay.csv	14
relaxinatcamarillo.csv	14
solar.csv	14
sonnymoonfortwo.csv	14
thingsaintwhattheyusedtobe.csv	14
turnaround.csv	14
bagsgroove.csv	15
barbados.csv	15
moonchild.csv	15
sandu.csv	15
billiesbounce.csv	16
birksworks.csv	16
blueingreen.csv	16
bookerswaltz.csv	16
cantaloupeisland.csv	16
contemplation.csv	16
cyclicepisode.csv	16
fridaythe13th.csv	16
ifyounevercometome.csv	16
iris.csv	16
nefertiti.csv	16
nowsthetime.csv	16
pentuphouse.csv	16
personiknew.csv	16
route66.csv	16
sorcerer.csv	16
sweetgeorgiabright.csv	16
toys.csv	16
valsehot.csv	16
walkin.csv	16
watermelonman.csv	16
waynesthang.csv	16
wewillmeetagain.csv	16
bluebossa.csv	17
coral.csv	17
israel.csv	17
mactheknife.csv	17
sugar.csv	17
whenitrains.csv	17
whenthesaintsgomarchingin.csv	17
worksong.csv	17
beatrice.csv	18
humptydumpty.csv	18
jackie-ing.csv	18
ladybird.csv	18
onthetrail.csv	18
peace.csv	18
playedtwice.csv	18
sunny.csv	18
swingingshepherdblues.csv	18
united.csv	18
cheryl.csv	19
fall.csv	19
funkallero.csv	19
sisi.csv	19
yesterdays.csv	19
afroblue.csv	20
bluedaniel.csv	20
bluesforalice.csv	20
brotherhoodofman.csv	20
deluge.csv	20
feellikemakinlove.csv	20
freighttrain.csv	20
gotamatch.csv	20
halfnelson.csv	20
leaving.csv	20
ligia.csv	20
mcjolt.csv	20
oldcountry.csv	20
onefingersnap.csv	20
preacher.csv	20
recordame.csv	20
pinocchio.csv	21
gloriasstep.csv	22
justagigolo.csv	22
littleboat.csv	22
littlebspoem.csv	22
armandosrhumba.csv	23
elgaucho.csv	23
nostalgiaintimessquare.csv	23
peewee.csv	23
summertime.csv	23
tasteofhoney.csv	23
whydontyoudoright.csv	23
adamsapple.csv	24
allblues.csv	24
bluesette.csv	24
centralparkwest.csv	24
footprints.csv	24
forjan.csv	24
fouronsix.csv	24
freddiefreeloader.csv	24
innerurge.csv	24
juju.csv	24
lightblue.csv	24
paperdoll.csv	24
serenity.csv	24
simone.csv	24
spain.csv	24
stthomas.csv	24
summerbandcamp.csv	24
ballade.csv	25
doxy.csv	25
midnightmood.csv	25
minorstrain.csv	25
smokerings.csv	25
songformyfather.csv	25
witchhunt.csv	25
afrocentric.csv	26
giantsteps.csv	26
ifyouevershouldleave.csv	26
nightdreamer.csv	26
soundforsoreears.csv	26
blacknarcissus.csv	27
booboosbirthday.csv	27
girltalk.csv	27
infanteyes.csv	27
serenadetoacuckoo.csv	27
timeremembered.csv	27
betterthananything.csv	28
likesonny.csv	28
neverwillimarry.csv	28
itsbeenalonglongtime.csv	29
miyako.csv	29
myideal.csv	29
perhaps.csv	29
childisborn.csv	30
crisscross.csv	30
questar.csv	30
stolenmoments.csv	30
vchucho.csv	30
bemshaswing.csv	31
idlemoments.csv	31
iwishiknewhowitwouldfeeltobefree.csv	31
memoriesoftomorrow.csv	31
mercymercymercy.csv	31
whenyouresmilin.csv	31
apriljoy.csv	32
avalon.csv	32
backstagesally.csv	32
brightsizelife.csv	32
byebyeblues.csv	32
downbytheriverside.csv	32
fascination.csv	32
garysnotebook.csv	32
gladtobeunhappy.csv	32
hothouse.csv	32
hungaria.csv	32
impressions.csv	32
inamellowtone.csv	32
ivefoundanewbabyv2.csv	32
killerjoe.csv	32
ladiesinmercedes.csv	32
lenniespennies.csv	32
lonnieslament.csv	32
maidenvoyage.csv	32
mirror.csv	32
move.csv	32
nandis.csv	32
onbroadway.csv	32
phasedance.csv	32
sistersadie.csv	32
sodancosamba.csv	32
somedaymyprincewillcome.csv	32
sowhat.csv	32
subconsciouslee.csv	32
sweetsue.csv	32
tuneup.csv	32
whatisthisthingcalledlove.csv	32
blue.csv	33
bossaantigua.csv	33
brightmississippi.csv	33
coolone.csv	33
fineanddandy.csv	33
geebaby.csv	33
ivegotacrushonyou.csv	33
jeanniessong.csv	33
justintune.csv	33
minormood.csv	33
nothingpersonal.csv	33
ograndeamor.csv	33
oliloquivalley.csv	33
passiondance.csv	33
unrequited.csv	33
youwontforgetme.csv	33
allofme.csv	34
autumnleaves.csv	34
bloom.csv	34
boynextdoor.csv	34
brazilianlike.csv	34
feelssogood.csv	34
groovinhigh.csv	34
ifallinlovetooeasily.csv	34
inashantyinoldshantytown.csv	34
roseroom.csv	34
serene.csv	34
shadowofyoursmile.csv	34
shine.csv	34
smile.csv	34
struttinwithsomebarbecue.csv	34
uppermanhattanmedicalgroup.csv	34
weaverofdreams.csv	34
zoltan.csv	34
502blues.csv	35
alexandersragtimeband.csv	35
allalone.csv	35
allofasuddenmyheartsings.csv	35
beyondthebluehorizon.csv	35
billbailey.csv	35
bluelou.csv	35
broadway.csv	35
chicken.csv	35
dearlybeloved.csv	35
esp.csv	35
goodlife.csv	35
howinsensitive.csv	35
illseeyouinmydreams.csv	35
iloveparis.csv	35
iloveyou.csv	35
inalittlespanishtown.csv	35
intheweesmallhoursofthemorning.csv	35
limehouseblues.csv	35
littlewaltz.csv	35
lookforthesilverlining.csv	35
mimi.csv	35
mymelancholybaby.csv	35
nuages.csv	35
outofnowhere.csv	35
remember.csv	35
sonice.csv	35
stellabystarlight.csv	35
themthereeyes.csv	35
timeonmyhands.csv	35
whydoiloveyou.csv	35
zingaro.csv	35
baubles.csv	36
beautifullove.csv	36
candy.csv	36
dancinginthedark.csv	36
daybyday.csv	36
donnalee.csv	36
fineromance.csv	36
funkindeepfreeze.csv	36
greenchimneys.csv	36
hackensack.csv	36
icantbelieveyoureinlove.csv	36
icantgiveyouanythingbutlove.csv	36
illclosemyeyes.csv	36
jerseybounce.csv	36
justfriends.csv	36
justintime.csv	36
littletear.csv	36
lonesomeroad.csv	36
onaslowboattochina.csv	36
shinystockings.csv	36
strikeuptheband.csv	36
taketheatrain.csv	36
thiscantbelove.csv	36
thisidigofyou.csv	36
tonight.csv	36
uglybeauty.csv	36
wellyouneednt.csv	36
yousteppedoutofadream.csv	36
acrossthevalleyfromthealamo.csv	37
allofyou.csv	37
beautifulfriendship.csv	37
bestthingsinlifearefree.csv	37
blossomfell.csv	37
breezeandi.csv	37
daysandnightswaiting.csv	37
dontworryboutme.csv	37
exactlylikeyou.csv	37
fever.csv	37
four.csv	37
ivefoundanewbaby.csv	37
ladysinlovewithyou.csv	37
lazyriver.csv	37
myshininghour.csv	37
onaclearday.csv	37
perdido.csv	37
therewillneverbeanotheryou.csv	37
theydidntbelieveme.csv	37
thisisnew.csv	37
threelittlewords.csv	37
toomarvelousforwords.csv	37
whossorrynow.csv	37
wow.csv	37
youcandependonme.csv	37
yourenobodytillsomebodylovesyou.csv	37
byebyeblackbird.csv	38
crazyrhythm.csv	38
daysofwineandroses.csv	38
evidence.csv	38
flymetothemoon.csv	38
fourinone.csv	38
getoutoftown.csv	38
heyoke.csv	38
ihadntanyonetillyou.csv	38
itonlyhappenswhenidancewithyou.csv	38
iwishiknew.csv	38
jinrikisha.csv	38
lampislow.csv	38
lazyafternoon.csv	38
mahjong.csv	38
nosplice.csv	38
passionflower.csv	38
perisscope.csv	38
pretend.csv	38
rockinchair.csv	38
scene.csv	38
sometimeago.csv	38
sotender.csv	38
souleyes.csv	38
sposin.csv	38
summerknows.csv	38
thereisnogreaterlove.csv	38
underablanketofblue.csv	38
unforgettable.csv	38
woodynyou.csv	38
youdbesonicetocomehometo.csv	38
allthethingsyouare.csv	39
certainsmile.csv	39
charleston.csv	39
dig.csv	39
fee-fi-fo-fum.csv	39
howhighthemoon.csv	39
isfahan.csv	39
ivegrownaccustomedtoherface.csv	39
laura.csv	39
letsgetlost.csv	39
lovenest.csv	39
myheartbelongstodaddy.csv	39
mymansgonenow.csv	39
ornithology.csv	39
penniesfromheaven.csv	39
slowhotwind.csv	39
strangersinthenight.csv	39
strayhorn2.csv	39
sweetgeorgiabrown.csv	39
twistedblues.csv	39
walkinmybabybackhome.csv	39
500mileshigh.csv	40
allaboutronnie.csv	40
aslongasilive.csv	40
bemylove.csv	40
bidinmytime.csv	40
countdown.csv	40
deeppurple.csv	40
eastofthesun.csv	40
easytolove.csv	40
emily.csv	40
foggyday.csv	40
girlfromipanema.csv	40
houseofjade.csv	40
icouldhavedancedallnight.csv	40
illbeseeingyou.csv	40
itsimpossible.csv	40
lettherebelove.csv	40
milestones-new.csv	40
myluckystar.csv	40
ongreendolphinstreet.csv	40
psiloveyou.csv	40
rosetta.csv	40
silversserenade.csv	40
suddenlyitsspring.csv	40
sundown.csv	40
tenderly.csv	40
youdosomethingtome.csv	40
youturnedthetablesonme.csv	40
afteryou.csv	41
always.csv	41
berniestune.csv	41
callmeirresponsible.csv	41
ceora.csv	41
haveyoumetmissjones.csv	41
ifthereissomeonelovelier.csv	41
ileftmyheartinsanfrancisco.csv	41
imbeginningtoseethelight.csv	41
inloveinvain.csv	41
itdontmeanathing.csv	41
lullabyinrhythm.csv	41
moodindigo.csv	41
scotchandsoda.csv	41
sidsdelight.csv	41
solitude.csv	41
tempusfugit.csv	41
undecided.csv	41
voyage.csv	41
whatadifferenceadaymade.csv	41
youremythrill.csv	41
airegin.csv	42
almostlikebeinginlove.csv	42
brightboy.csv	42
cottageforsale.csv	42
happylittlesunbeam.csv	42
herestolife.csv	42
imalwayschasingrainbows.csv	42
imgonnasitrightdownandwritemyselfaletter.csv	42
indiansummer.csv	42
ionlyhaveeyesforyou.csv	42
itsyouornoone.csv	42
iwanttobehappy.csv	42
letscallthis.csv	42
lingerawhile.csv	42
lovewalkedin.csv	42
lyresto.csv	42
moonriver.csv	42
neverletmego.csv	42
nomoonatall.csv	42
onenotesamba.csv	42
onthesunnysideofthestreet.csv	42
stablemates.csv	42
star-crossedlovers.csv	42
swonderful.csv	42
thisisalliask.csv	42
thouswell.csv	42
tooyoung.csv	42
wesee.csv	42
witchcraft.csv	42
youandthenightandthemusic.csv	42
afteryouvegone.csv	43
alongcamebetty.csv	43
blueberryhill.csv	43
bourbonstreetparade.csv	43
bye-ya.csv	43
daybreak.csv	43
fivebrothers.csv	43
idontknowenoughaboutyou.csv	43
ifididntcare.csv	43
ifishouldloseyou.csv	43
ifiwereabell.csv	43
indiana.csv	43
inwalkedbud.csv	43
irresistableyou.csv	43
itcouldhappentoyou.csv	43
itsablueworld.csv	43
iwishiwereinloveagain.csv	43
moonandsand.csv	43
natureboy.csv	43
oneilove.csv	43
poorbutterfly.csv	43
roadsong.csv	43
robbinsnest.csv	43
scrapplefromtheapple.csv	43
snopeas.csv	43
sweetandlovely.csv	43
theresnoyou.csv	43
tricotism.csv	43
triste.csv	43
watchwhathappens.csv	43
wildflower.csv	43
youremyeverything.csv	43
beingreen.csv	44
butnotforme.csv	44
comerainorcomeshine.csv	44
comeslove.csv	44
comesunday.csv	44
dolphindance.csv	44
dontgotostrangers.csv	44
eiderdown.csv	44
everythingilove.csv	44
gravywaltz.csv	44
heresthatrainyday.csv	44
ifilovedyou.csv	44
inthecool.csv	44
iveheandthatsongbefore.csv	44
justyou.csv	44
letscoolone.csv	44
lovelywaytospendanevening.csv	44
motenswing.csv	44
newyork.csv	44
offminor.csv	44
ohladybegood.csv	44
onefootinthegutter.csv	44
perhapsperhapsperhaps.csv	44
secondstartotheright.csv	44
softly.csv	44
stompinatthesavoy.csv	44
sway.csv	44
tangerine.csv	44
thatoldfeeling.csv	44
theysay.csv	44
theysayitswonderful.csv	44
thisyearskisses.csv	44
whereorwhen.csv	44
whocaniturnto.csv	44
afternooninparis.csv	45
amongmysouvenirs.csv	45
amor.csv	45
aprilinparis.csv	45
arentyougladyoureyou.csv	45
bohemiaafterdark.csv	45
deweysquare.csv	45
embraceableyou.csv	45
favela.csv	45
freckleface.csv	45
ificouldbewithyou.csv	45
illneverbethesame.csv	45
imgettingsentimentaloveryou.csv	45
luckysouthern.csv	45
minormishap.csv	45
moontrane.csv	45
niceneasy.csv	45
onceiloved.csv	45
segment.csv	45
sweetestsounds.csv	45
tisketatasket.csv	45
toocloseforcomfort.csv	45
westcoastblues.csv	45
yardbirdsuite.csv	45
beautyandthebeast.csv	46
blueskies.csv	46
blueturninggreyoveryou.csv	46
deedido.csv	46
everybodyssongbutmyown.csv	46
fallinginloveagain.csv	46
flamingo.csv	46
foryou.csv	46
gentlerain.csv	46
illgetby.csv	46
imgladthereisyou.csv	46
manoirdemesreves.csv	46
maybeishouldchangemyways.csv	46
redtop.csv	46
septemberintherain.csv	46
tilltherewasyou.csv	46
unitseven.csv	46
virgo.csv	46
whatareyoudoingnewyears.csv	46
whenitssleepytimedownsouth.csv	46
allthroughtheday.csv	47
amiblue.csv	47
bestisyettocome2.csv	47
copenhagen.csv	47
dontmisunderstand.csv	47
earlyautumn.csv	47
eronel.csv	47
forallweknow.csv	47
frenesi.csv	47
jordu.csv	47
laurie.csv	47
makesomeonehappy.csv	47
monksdream.csv	47
moreiseeyou.csv	47
partysover.csv	47
peacocks.csv	47
penthouseserenade.csv	47
prettygirlislikeamelody.csv	47
septembersong.csv	47
somebodylovesme.csv	47
soon.csv	47
tonightyoubelongtome.csv	47
training.csv	47
tryalittletenderness.csv	47
youngandfoolish.csv	47
youvechanged.csv	47
aintshesweet.csv	48
bolivia.csv	48
bymyself.csv	48
confirmation.csv	48
continuum.csv	48
dinah.csv	48
dindi.csv	48
donothingtilyouhearfromme.csv	48
dontgetaroundmuchanymore.csv	48
elora.csv	48
forestflower.csv	48
fourbrothers.csv	48
hesatramp.csv	48
icriedforyou.csv	48
ishouldcare.csv	48
itsde-lovely.csv	48
littlesunflower.csv	48
littlewillieleaps.csv	48
moonglow.csv	48
nightandday.csv	48
nighthasathousandeyes.csv	48
popsicletoes.csv	48
therellbesomechangesmade.csv	48
toytune.csv	48
walkinshoes.csv	48
alonetoolong.csv	49
bestthingforyouisme.csv	49
blacknile.csv	49
flintstones.csv	49
flowerisalovesomething.csv	49
gonewiththewind.csv	49
highhopes.csv	49
howdeepistheocean.csv	49
ifihadyou.csv	49
illrememberapril.csv	49
iusedtobecolorblind.csv	49
likesomeoneinlove.csv	49
lildarling.csv	49
manilove.csv	49
moonlightinvermont.csv	49
morganthepirate.csv	49
mysecretlove.csv	49
speaklikeachild.csv	49
whatllido.csv	49
youbettergonow.csv	49
youkeepcomingbacklikeasong.csv	49
alltheway.csv	50
atlonglastlove.csv	50
blackandblue.csv	50
boplicity.csv	50
butbeautiful.csv	50
conalma.csv	50
confessin.csv	50
coulditbeyou.csv	50
donttakeyourlovefromme.csv	50
dreamalittledreamofme.csv	50
everythingihaveisyours.csv	50
foreversonny.csv	50
frimframsauce.csv	50
howaboutyou.csv	50
howarethingsingloccamorra.csv	50
imaybewrong.csv	50
imjustaluckyso-and-so.csv	50
isotope.csv	50
lovemeorleaveme.csv	50
lullabyoftheleaves.csv	50
misty.csv	50
parisianthoroughfare.csv	50
petitfleur.csv	50
sentimentaljourney.csv	50
shesfunnythatway.csv	50
touchofyourlips.csv	50
whenyouwishuponastar.csv	50
besamemucho.csv	51
blueandsentimental.csv	51
chelseabridge.csv	51
goldenearring.csv	51
imsittingontopoftheworld.csv	51
invitation.csv	51
isntthisalovelyday.csv	51
joyspring.csv	51
justonemorechance.csv	51
mylittlesuedeshoes.csv	51
oldcapecod.csv	51
onlytrustyourheart.csv	51
poinciana.csv	51
summerserenade.csv	51
thrillisgone.csv	51
trinkletinkle.csv	51
webbcity.csv	51
dolores.csv	52
dreamsville.csv	52
hauntedheart.csv	52
highfly.csv	52
imputtingallmyeggsinonebasket.csv	52
itsmagic.csv	52
iveneverbeeninlovebefore.csv	52
justsqueezeme.csv	52
littlepeaceincforyou.csv	52
loverman.csv	52
masquenada.csv	52
nobodyelsebutme.csv	52
ohlookatmenow.csv	52
olmanriver.csv	52
portraitofjennie.csv	52
prism.csv	52
secretlove.csv	52
timeaftertime.csv	52
52ndstreettheme.csv	53
920special.csv	53
accenttchuatethepositive.csv	53
allgodschillungotrhythm.csv	53
anamaria.csv	53
becarefulitsmyheart.csv	53
birthoftheblues.csv	53
chicago.csv	53
crystalsilence.csv	53
dolphin.csv	53
ghostofachance.csv	53
grandcentral.csv	53
idontstandaghostofachance.csv	53
lament.csv	53
lonelydreams.csv	53
loop.csv	53
momentstoremember.csv	53
myfunnyvalentine.csv	53
nevertheless.csv	53
newpicture.csv	53
seajourney.csv	53
springishere.csv	53
streetofdreams.csv	53
timeforlove.csv	53
youmustbelieveinspring.csv	53
airmailspecial.csv	54
anthropology.csv	54
be-bop.csv	54
butchandbutch.csv	54
cta.csv	54
dexterity.csv	54
godchild.csv	54
honeysucklerose.csv	54
iaintgotnobody.csv	54
icouldwriteabook.csv	54
ifyoucouldseemenow.csv	54
imafooltowantyou.csv	54
iminthemoodforlove.csv	54
liza.csv	54
longagoandfaraway.csv	54
morning.csv	54
mountaingreenery.csv	54
myheartstoodstill.csv	54
nutville.csv	54
olddevilmoon.csv	54
passport.csv	54
sanfranciscoholiday.csv	54
sometimesimhappy.csv	54
sos.csv	54
souvenir.csv	54
stareyes.csv	54
theme.csv	54
thrivingfromariff.csv	54
whatsnew.csv	54
yourelaughingatme.csv	54
alfie.csv	55
baltimoreoriole.csv	55
dearoldstockholm.csv	55
dontexplain.csv	55
ilikethelikesofyou.csv	55
lastnightwhenwewereyoung.csv	55
letsgetawayfromitall.csv	55
ourloveisheretostay.csv	55
pickyourselfup.csv	55
quasimodoblowingchanges.csv	55
sevenstepstoheaven.csv	55
somanystars.csv	55
twofortheroad.csv	55
violetsforyourfurs.csv	55
youngatheart.csv	55
aguadebeber.csv	56
anythinggoes.csv	56
betweenthedevilandthedeepbluesea.csv	56
cestsibon.csv	56
cottontail.csv	56
crosscurrent.csv	56
dontblameme.csv	56
epistrophy.csv	56
estate.csv	56
fullhouse.csv	56
gloryoflove.csv	56
gregoryishere.csv	56
ididntknowaboutyou.csv	56
iheararhapsody.csv	56
isurrenderdear.csv	56
leila.csv	56
lettherebeyou.csv	56
lineforlyons.csv	56
manhattan.csv	56
maze.csv	56
nearnessofyou.csv	56
rhythm-a-ning.csv	56
sagaofharrisoncrabfeathers.csv	56
sevencomeeleven.csv	56
takingachanceonlove.csv	56
teafortwo.csv	56
thanksforthememory.csv	56
tisautumn.csv	56
walkinup.csv	56
wellbetogetheragain.csv	56
whatareyoudoingtherestofyourlife.csv	56
whispernot.csv	56
youdontknowwhatloveis.csv	56
again.csv	57
creolelovecall.csv	57
doyouknowwhatitmeans.csv	57
everythingivegotbelongstoyou.csv	57
foronceinmylife.csv	57
icoverthewaterfront.csv	57
igotitbad.csv	57
irememberyou.csv	57
ithadtobeyou.csv	57
lullabyofbirdland.csv	57
oddcouple.csv	57
smoothone.csv	57
theyalllaughed.csv	57
26-2.csv	58
astimegoesby.csv	58
budo.csv	58
byebyebaby.csv	58
danceoftheinfidels.csv	58
dontbethatway.csv	58
forheavenssake.csv	58
ithoughtaboutyou.csv	58
ivegottheworldonastring.csv	58
ivetoldeverylittlestar.csv	58
jaco.csv	58
jeannine.csv	58
lazybones.csv	58
mamboinn.csv	58
manteca.csv	58
meaningoftheblues.csv	58
myfoolishheart.csv	58
nightwecalleditaday.csv	58
peoplewillsaywereinlove.csv	58
satindoll.csv	58
someonetowatchoverme.csv	58
stairwaytothestars.csv	58
teachmetonight.csv	58
theycanttakethatawayfromme.csv	58
tinycapers.csv	58
verythoughtofyou.csv	58
alltoosoon.csv	59
autumninnewyork.csv	59
bewitched.csv	59
canthelplovindatman.csv	59
daydream.csv	59
daydreaming.csv	59
flyinghome.csv	59
homecookin.csv	59
itaintnecessarilyso.csv	59
itseasytoremember.csv	59
ivegotyouundermyskin.csv	59
letsdoit.csv	59
loveisjustaroundthecorner.csv	59
meditation.csv	59
myoldflame.csv	59
myway.csv	59
niceworkifyoucangetit.csv	59
raincheck.csv	59
satellite.csv	59
sinceifellforyou.csv	59
someday.csv	59
speaknoevil.csv	59
wave.csv	59
youreeverything.csv	59
aintmisbehavin.csv	60
allmytomorrows.csv	60
blameitonmyyouth.csv	60
bunko.csv	60
celia.csv	60
crymeariver.csv	60
dancingontheceiling.csv	60
fallinggrace.csv	60
givemethesimplelife.csv	60
igottarighttosingtheblues.csv	60
imoldfashioned.csv	60
itsthetalkofthetown.csv	60
iwanttotalkaboutyou.csv	60
monksmood.csv	60
moonlightbecomesyou.csv	60
nutty.csv	60
pingpong.csv	60
secondtimearound.csv	60
sippinatbells.csv	60
smokegetsinyoureyes.csv	60
sundaykindoflove.csv	60
upjumpedspring.csv	60
bennystune.csv	61
butterflydreams.csv	61
forsentimentalreasons.csv	61
imthroughwithlove.csv	61
isntitromantic.csv	61
itmightaswellbespring.csv	61
itsalovelydaytoday.csv	61
iwasdoingallright.csv	61
littlerootietootie.csv	61
makingwhoopee.csv	61
memoriesofyou.csv	61
milestones-old.csv	61
mylittlebrownbook.csv	61
naima.csv	61
somewhere.csv	61
starsfellonalabama.csv	61
tonesforjoansbones.csv	61
tooyoungtogosteady.csv	61
zingwentthestringsofmyheart.csv	61
alonetogether.csv	62
changepartners.csv	62
django.csv	62
eternaltriangle.csv	62
heatwave.csv	62
illwind.csv	62
inasentimentalmood.csv	62
iseeyourfacebeforeme.csv	62
isyouisorisyouaint.csv	62
itsagoodday.csv	62
ladyisatramp.csv	62
littleniles.csv	62
momentsnotice.csv	62
moonlightsavingtime.csv	62
onceinawhile.csv	62
radio.csv	62
straightenupandflyright.csv	62
straightstreet.csv	62
wrapyourtroublesindreams.csv	62
youbroughtanewkindoflove.csv	62
atlast.csv	63
bluechampagne.csv	63
bluemoon.csv	63
devilmaycare.csv	63
downinthedepths.csv	63
everythinghappenstome.csv	63
georgiaonmymind.csv	63
gethappy.csv	63
imagination.csv	63
kidsareprettypeople.csv	63
kisstobuildadreamon.csv	63
letsfallinlove.csv	63
meantome.csv	63
morethanyouknow.csv	63
myromance.csv	63
putonahappyface.csv	63
questionandanswer.csv	63
sayit.csv	63
soultrane.csv	63
thelonious.csv	63
whatawonderfulworld.csv	63
afelicidade.csv	64
basinstreetblues.csv	64
callme.csv	64
caravan.csv	64
dearlord.csv	64
detourahead.csv	64
easystreet.csv	64
fallinginlovewithlove.csv	64
goodmorningheartache.csv	64
ihearmusic.csv	64
iletasonggooutofmyheart.csv	64
itsabigwidewonderfulworld.csv	64
jeeperscreepers.csv	64
jitterbugwaltz.csv	64
letsfacethemusicanddance.csv	64
likealover.csv	64
pannonica.csv	64
thingswedidlastsummer.csv	64
thismasquerade.csv	64
whatalittlemoonlightcando.csv	64
whenlightsarelow.csv	64
whilewereyoung.csv	64
withasonginmyheart.csv	64
yesandno.csv	64
blueroom.csv	65
borntobeblue.csv	65
crazyhecallsme.csv	65
easyliving.csv	65
getmetothechurchontime.csv	65
howlonghasthisbeengoingon.csv	65
igotthesuninthemorning.csv	65
illbearound.csv	65
itsonlyapapermoon.csv	65
keepinmyselfforyou.csv	65
letscallthewholethingoff.csv	65
lover.csv	65
skylark.csv	65
sophisticatedlady.csv	65
willyoustillbemine.csv	65
blackberrywinter.csv	66
dedicatedtoyou.csv	66
ilovesyouporgy.csv	66
loveforsale.csv	66
onebyone.csv	66
warmvalley.csv	66
alfiestheme.csv	67
illtakeromance.csv	67
littlegirlblue.csv	67
lonejack2.csv	67
nancy.csv	67
skippy.csv	67
songisyou.csv	67
stroderode.csv	67
thatsall.csv	67
thesefoolishthings.csv	67
withoutasong.csv	67
endofaloveaffair.csv	68
evrytimewesaygoodbye.csv	68
iguessillhangmytearsouttodry.csv	68
itneverenteredmymind.csv	68
justoneofthosethings.csv	68
manthatgotaway.csv	68
oldfolks.csv	68
outofthisworld.csv	68
reflections.csv	68
willowweepforme.csv	68
bouncinwithbud.csv	69
dayin.csv	69
desafinado-orig.csv	69
desafinado.csv	69
fromthismomenton.csv	69
goodbye.csv	69
ididntknowwhattimeitwas.csv	69
turnoutthestars.csv	69
youaretoobeautiful.csv	69
datdere.csv	70
dreamdancing.csv	70
heartandsoul.csv	70
iconcentrateonyou.csv	70
isntitapity.csv	70
iwishyoulove.csv	70
joker.csv	70
monalisa.csv	70
people.csv	70
tintindeo.csv	70
angeleyes.csv	71
askmenow.csv	71
hallucinations.csv	71
itsallrightwithme.csv	71
someothertime.csv	71
whensunnygetsblue.csv	71
yougotomyhead.csv	71
youmakemefeelsoyoung.csv	71
blackcoffee.csv	72
godblessthechild.csv	72
goodbait.csv	72
icantgetstarted.csv	72
ifeveriwouldleaveyou.csv	72
igetakickoutofyou.csv	72
inthestillofthenight.csv	72
ivegotmylovetokeepmewarm.csv	72
lookingup.csv	72
myfavoritethings.csv	72
ohwhatabeautifulmornin.csv	72
preludetoakiss.csv	72
rainbowconnection.csv	72
recadobossanova.csv	72
sleepinbee.csv	72
stardust.csv	72
wendy.csv	72
chegadesaudade.csv	73
corcovado.csv	73
helloyounglovers.csv	73
myoneandonlylove.csv	73
someotherspring.csv	73
stormyweather.csv	73
yourethetop.csv	73
youtookadvantageofme.csv	73
bodyandsoul.csv	74
fascinatingrhythm.csv	74
irememberclifford.csv	74
looktothesky.csv	74
milesahead.csv	74
polkadotsandmoonbeams.csv	74
wonderfuldayliketoday.csv	74
allthroughthenight.csv	75
conception.csv	75
moonlightserenade.csv	75
pensativa.csv	75
soinlove.csv	75
thiscouldbethestartofsomething.csv	76
lovercomebacktome.csv	77
onthestreetwhereyoulive.csv	77
surreywiththefringeonthetop.csv	77
closeenoughforlove.csv	78
idontwanttomissmississippi.csv	78
thatoldblackmagic.csv	78
wivesandlovers.csv	78
billyboy.csv	79
hellodolly.csv	79
onemorninginmay.csv	79
quietnow.csv	79
theresalullinmylife.csv	79
aliceinwonderland.csv	80
butterfly.csv	80
cherokee.csv	80
koko.csv	80
moonalley.csv	80
myship.csv	80
waltzfordebby.csv	80
barkforbarksdale.csv	81
captainmarvel.csv	81
darnthatdream.csv	81
theduke.csv	81
country.csv	82
andtheangelssing.csv	83
comeflywithme.csv	83
fantasyind.csv	83
midnightsun.csv	83
skyliner.csv	83
sweetlorraine.csv	83
imallsmiles.csv	84
nightingalesanginberkeleysquare.csv	84
bluesinthenight.csv	85
sambadeorfeu.csv	85
wayyoulooktonight.csv	85
cheesecake.csv	86
manhadecarnaval.csv	86
allornothingatall.csv	87
saveyourloveforme.csv	87
cute.csv	88
delsasser.csv	88
nightintunisia.csv	88
beyondthesea.csv	89
folkswholiveonthehill.csv	89
nicasdream.csv	89
speaklow.csv	89
brazil.csv	90
iwontdance.csv	90
someenchantedevening.csv	91
strollin.csv	91
braziliansuite.csv	92
lotusblossom.csv	92
masqueradeisover.csv	94
overtherainbowarlenharold.csv	95
brilliantcorners.csv	96
moanin.csv	96
mysong.csv	96
lazybird.csv	97
elcajon.csv	98
ibelieveinyou.csv	98
thinkofone.csv	100
withthewindandtheraininhair.csv	101
beginthebeguine.csv	102
daahoud.csv	102
itsadance.csv	102
cheetah.csv	103
dienda.csv	103
roundmidnight.csv	103
windows.csv	104
lonejack.csv	105
driftin.csv	106
bluesmarch.csv	108
dontknowwhy.csv	108
veryearly.csv	108
lushlife.csv	109
quasimodotheme.csv	109
andonthethirdday.csv	110
iwillwaitforyou.csv	112
littledancer.csv	112
igotrhythm.csv	113
opener.csv	115
aisha.csv	121
oneformybaby.csv	121
theresasmallhotel.csv	125
sailaway.csv	133
troubledwaters.csv	133
bestisyettocome.csv	134
slippeddisc.csv	135
wouldntitbeloverly.csv	135
crepusculewithnellie.csv	136
crisis.csv	136
moondance.csv	136
milano.csv	137
peelmeagrape.csv	138
bessyouismywoman.csv	141
cheektocheek.csv	144
igetalongwithoutyou.csv	144
goodbyeporkpiehat.csv	149
skatingincentralpark.csv	154
springcanreallyhangyouupthemost.csv	168
ballad.csv	175
ruby.csv	176
james.csv	205
budpowell.csv	371
